Tm_C,GC_percent
77.852,51.19
86.283,52.82
87.247,56.27
86.166,53.15
84.715,53.87
84.083,48.91
86.146,52.97
85.380,51.68
85.856,53.91
85.330,52.73
84.857,50.98
83.278,48.89
85.615,51.38
86.888,55.08
82.576,50.95
85.366,51.33
83.648,47.56
81.436,41.00
78.899,36.55
79.683,39.14
77.659,32.28
81.445,46.59
86.120,53.50
87.511,55.73
85.403,53.33
86.087,55.33
86.824,55.21
86.970,55.63
85.776,52.92
86.222,53.44
87.596,55.87
76.421,35.62
82.039,45.96
86.374,55.16
86.158,53.94
85.229,50.64
85.856,52.46
86.370,53.81
85.726,51.88
85.402,52.14
87.121,55.94
86.867,54.86
85.903,56.94
86.278,53.38
86.098,54.80
87.425,55.82
84.848,51.44
81.990,48.72
81.500,45.71
87.044,55.95
84.374,51.85
85.876,53.16
87.244,56.16
86.421,53.77
85.662,51.34
85.728,52.82
81.155,41.83
86.055,54.09
87.220,55.01
87.397,55.57
86.433,54.89
87.256,55.62
88.269,57.97
85.822,52.90
86.313,54.38
87.279,56.94
88.659,58.97
85.922,52.95
81.411,43.16
87.131,55.21
85.233,52.31
87.245,55.67
86.772,54.85
86.249,53.12
76.463,47.13
82.972,45.82
86.138,52.75
83.778,49.39
75.521,44.83
86.707,54.83
84.867,52.29
86.686,54.88
83.780,50.55
86.515,53.65
87.536,56.32
86.849,54.75
86.045,53.09
87.020,55.20
86.027,52.85
87.225,55.99
86.832,54.61
85.357,51.68
86.043,53.55
85.791,52.26
86.558,54.25
85.156,51.20
85.962,54.58
86.044,52.18
83.040,48.37
82.819,52.02
85.044,51.34
85.402,52.66
85.146,50.96
85.742,52.20
86.570,54.04
85.217,53.29
86.113,53.58
85.811,53.99
85.450,52.05
85.939,52.52
86.742,55.42
86.409,53.08
86.960,54.68
85.948,52.49
86.650,53.94
87.476,55.70
84.388,52.07
82.926,46.04
85.118,51.21
83.282,50.16
86.670,54.16
87.253,55.21
84.258,50.28
84.475,50.23
84.384,49.30
84.923,50.97
83.544,49.21
84.551,49.27
84.651,52.49
84.076,48.61
86.340,54.23
86.227,54.09
82.169,43.60
83.113,47.21
82.392,45.38
83.834,49.18
84.691,48.90
83.793,48.35
82.655,46.06
84.045,50.10
87.293,55.79
86.242,53.83
84.819,52.19
84.181,49.36
86.484,55.74
87.889,56.75
87.147,54.91
85.775,51.65
87.329,56.77
86.506,54.55
89.205,60.11
87.162,55.58
86.626,54.15
83.859,51.01
85.698,53.37
85.555,52.43
85.578,52.79
84.037,47.76
86.494,53.82
85.950,52.76
81.378,44.44
85.849,53.09
86.444,53.16
84.474,49.81
85.035,51.38
84.512,49.77
85.656,52.89
84.558,50.90
85.915,52.63
84.376,49.67
85.080,51.21
85.250,50.85
85.333,50.51
84.011,50.00
85.941,52.92
84.189,50.66
85.974,53.49
86.329,53.70
86.982,56.62
87.237,54.95
85.893,52.92
85.487,50.98
84.405,51.79
88.391,58.56
81.950,47.89
82.348,50.75
85.850,54.68
85.603,54.50
85.402,52.32
84.259,49.21
86.856,54.51
86.300,54.52
85.201,53.58
84.020,48.65
85.246,52.14
85.541,51.94
84.299,50.17
83.082,46.39
84.640,49.95
85.481,52.31
84.126,49.03
85.733,52.02
80.602,40.48
84.154,49.24
84.221,50.64
84.959,51.15
81.409,42.32
74.223,28.28
77.340,34.00
78.329,35.51
73.495,28.38
76.990,32.92
86.521,53.90
87.931,56.65
90.169,63.84
89.165,59.78
85.752,53.02
87.140,55.48
84.778,51.62
87.738,56.99
86.802,54.94
86.420,53.38
84.760,52.42
85.593,51.65
82.127,49.33
84.257,50.50
85.719,53.95
87.382,55.60
89.855,61.26
79.508,38.64
81.435,41.78
87.729,56.62
71.502,25.73
73.991,28.41
79.739,37.60
86.519,54.86
83.844,49.89
87.698,56.28
84.624,50.95
85.642,52.73
84.185,49.26
78.808,40.23
81.793,47.51
85.428,52.20
88.499,58.51
85.564,52.99
86.353,53.88
79.478,41.16
80.882,43.11
81.879,45.77
83.563,51.69
86.221,55.29
85.584,51.58
84.599,51.63
86.257,53.41
83.721,50.00
82.742,45.08
87.165,55.80
86.791,54.70
82.823,50.41
79.359,39.49
82.904,46.22
79.084,42.79
83.244,50.34
83.803,48.18
83.988,49.33
81.848,45.05
83.409,49.15
84.147,49.91
81.720,43.15
78.431,35.22
82.682,48.02
82.817,45.09
77.931,35.73
76.347,30.58
76.471,31.81
82.552,49.08
84.697,51.27
84.531,50.07
85.406,56.32
85.366,52.87
82.175,49.55
85.594,55.56
86.024,52.23
77.047,31.35
84.650,50.00
84.325,49.65
76.588,34.41
86.037,53.38
86.292,53.73
87.927,57.62
88.786,59.98
88.999,59.53
89.215,61.02
86.383,54.78
82.336,45.20
85.690,53.02
85.613,51.52
87.194,55.03
86.444,55.01
85.437,52.89
79.740,39.23
79.963,45.31
77.850,43.26
81.260,46.07
84.328,51.71
86.995,58.62
88.438,58.48
82.388,44.09
82.820,45.49
82.129,43.80
78.628,38.10
84.584,50.87
86.234,52.42
81.985,43.59
81.749,42.99
82.262,45.12
83.036,45.48
84.874,50.64
84.690,50.56
84.956,50.07
85.432,52.44
82.327,50.23
81.769,42.65
83.330,47.11
80.894,48.81
70.226,25.19
88.023,57.37
88.518,58.72
87.041,56.80
87.265,55.36
85.128,49.75
83.067,45.82
84.999,54.46
82.662,46.04
83.432,47.11
87.374,55.88
88.435,58.56
85.277,54.83
87.428,56.68
87.476,56.25
81.713,45.01
83.865,47.92
85.366,51.31
85.043,50.82
85.316,51.52
86.124,53.33
80.051,38.97
84.107,49.45
78.349,38.77
87.132,55.26
87.196,56.23
87.276,55.98
87.448,56.13
88.421,58.24
86.556,54.13
86.279,53.43
86.837,55.33
87.173,56.82
84.794,52.02
88.124,58.04
80.947,41.83
83.194,45.93
87.534,55.74
87.335,56.23
85.423,51.78
83.608,47.75
86.202,53.69
87.839,56.94
87.658,57.25
86.442,54.44
86.844,55.56
86.609,54.68
87.403,56.51
87.854,57.34
83.163,47.59
84.148,48.92
86.195,53.42
84.143,52.90
86.145,53.39
87.393,55.65
85.223,51.16
87.129,55.48
86.478,53.70
85.890,53.81
87.147,55.97
87.137,56.38
88.150,58.70
86.340,54.23
86.327,53.95
83.798,46.65
79.982,39.42
86.941,55.18
85.200,50.86
86.113,53.24
84.211,52.43
81.750,48.83
85.326,51.32
81.321,46.36
86.400,53.60
82.339,47.66
86.375,53.85
86.541,54.81
86.386,55.99
85.090,52.38
81.030,47.92
83.014,46.61
83.823,51.93
81.957,42.32
81.804,44.89
85.171,51.12
87.071,55.89
85.110,50.59
86.920,54.23
86.151,53.20
86.204,54.35
86.208,53.24
87.187,55.61
86.072,52.84
86.946,54.68
79.518,36.79
85.649,53.44
86.473,54.15
85.383,51.42
83.188,49.55
86.440,53.44
85.423,51.75
80.513,44.86
81.116,45.39
82.282,47.13
84.799,50.40
82.859,46.85
84.264,50.89
87.277,56.07
84.707,51.80
85.257,53.57
86.638,54.70
85.284,52.91
77.798,32.51
86.201,53.64
86.545,53.68
86.427,54.33
84.900,55.56
85.684,51.83
87.068,56.85
85.064,50.99
83.945,49.80
86.152,53.04
86.092,53.54
83.230,49.70
85.736,53.50
86.193,52.76
85.034,50.84
86.582,54.00
84.765,51.30
82.671,48.57
85.306,51.04
84.450,50.32
85.562,51.69
86.010,52.19
82.702,49.45
85.850,51.98
85.459,54.57
82.013,45.86
85.078,51.58
86.293,53.15
85.001,51.04
84.778,52.07
86.626,53.92
87.483,56.00
83.832,51.03
87.090,55.40
85.592,52.38
85.975,54.28
85.996,56.73
83.377,49.72
84.106,47.90
82.531,46.50
83.434,48.19
78.480,40.64
79.609,40.27
86.735,53.78
86.483,54.02
82.270,44.91
85.973,51.89
80.688,48.48
87.538,58.33
84.590,52.38
85.737,53.80
88.149,57.56
84.100,51.82
87.263,57.26
86.166,52.75
84.704,50.64
86.296,53.89
85.423,51.77
85.684,51.95
87.137,55.22
85.804,52.33
85.326,50.82
84.592,51.46
85.969,53.46
80.900,43.18
88.494,58.20
86.193,53.70
86.448,53.83
85.537,51.55
88.845,58.78
89.926,61.14
88.017,57.14
87.615,56.80
86.358,56.37
81.236,43.74
84.152,48.57
81.112,44.08
87.190,57.95
85.781,52.72
82.530,45.43
82.958,46.15
87.080,56.02
86.490,54.69
85.713,53.54
87.252,56.91
88.338,57.85
89.826,61.19
73.781,27.97
83.585,50.00
86.862,55.07
85.490,52.00
84.300,50.72
85.829,53.06
86.494,53.59
82.447,44.92
84.889,50.63
83.943,47.63
85.448,51.38
87.423,56.37
83.028,46.31
85.617,51.86
85.850,52.67
87.429,55.94
87.825,57.22
87.286,56.62
87.488,56.94
87.647,57.02
87.131,57.45
85.799,53.25
83.167,47.88
86.836,54.69
85.364,53.07
84.637,55.87
86.489,54.56
81.929,44.57
81.202,42.14
84.199,47.70
82.737,45.14
83.933,49.61
78.861,36.65
82.954,46.19
85.586,52.30
87.248,55.06
86.088,52.41
81.291,41.42
86.230,53.26
75.103,28.92
88.527,57.97
85.714,54.33
87.869,56.89
86.080,52.80
86.391,54.82
85.490,51.41
81.465,45.35
87.260,55.88
87.367,55.32
86.145,53.01
83.906,47.68
84.807,51.07
82.626,47.70
82.771,50.20
85.768,52.37
80.586,49.02
80.050,47.71
83.776,48.25
86.736,53.99
86.594,54.28
84.284,54.79
87.782,56.23
82.599,44.62
86.281,54.17
87.755,57.40
89.155,60.80
88.220,58.19
86.901,55.38
87.406,56.29
87.335,55.74
86.764,55.24
87.652,57.70
87.137,58.21
87.863,56.79
82.819,52.02
87.058,55.56
86.531,54.18
83.092,46.98
83.890,47.67
79.999,38.65
83.316,47.12
84.203,50.00
86.005,52.51
83.492,49.18
85.004,50.36
85.603,54.50
85.249,51.67
85.219,50.68
86.661,54.95
87.520,58.15
87.380,55.90
87.612,57.21
85.405,55.56
85.169,50.99
84.981,49.97
84.680,50.66
85.298,50.94
82.772,46.52
79.648,43.81
83.429,49.48
86.233,54.12
82.091,50.00
86.229,53.73
82.501,44.65
83.327,47.51
81.290,46.21
84.674,49.59
87.811,57.39
85.586,51.93
86.166,52.73
87.462,58.55
83.535,50.63
84.431,50.33
84.157,49.53
85.699,52.33
84.874,51.55
86.416,53.12
85.064,52.59
82.536,45.34
83.779,47.20
81.192,42.70
83.578,47.88
85.057,50.15
85.029,50.85
84.922,51.10
84.734,50.81
85.513,52.50
84.139,48.73
87.266,55.62
85.308,51.65
84.746,51.92
86.445,54.07
86.581,54.04
87.406,56.29
85.844,52.07
85.838,53.25
86.140,53.15
85.687,52.13
84.020,48.69
87.022,54.80
85.992,52.43
83.148,49.54
83.294,48.55
83.627,48.78
84.952,53.44
84.759,50.59
83.863,49.27
87.075,55.09
85.168,50.68
84.580,48.75
87.126,56.64
88.348,57.80
85.832,53.93
87.522,55.98
87.152,55.26
77.900,50.00
82.436,50.72
89.154,59.55
79.060,37.57
81.603,42.27
84.076,50.00
86.441,53.70
85.636,51.69
85.926,53.49
87.462,57.53
87.071,55.84
87.243,56.73
85.428,52.15
87.438,56.54
83.490,46.89
85.542,52.60
82.438,45.68
84.970,50.23
83.278,48.89
84.167,51.72
87.443,55.91
85.173,51.74
87.442,55.57
87.168,55.67
86.771,54.76
85.849,52.99
82.392,44.48
85.538,53.07
84.632,49.12
84.441,48.95
78.378,38.05
86.956,55.00
86.276,53.46
86.011,52.63
86.169,53.06
83.809,49.78
78.231,36.41
79.848,38.20
86.159,52.90
86.390,53.86
80.558,52.63
83.104,50.00
83.480,49.38
84.515,50.22
84.448,51.52
85.816,52.41
86.257,53.36
84.657,51.34
84.341,49.49
85.107,50.86
83.551,47.78
86.076,53.40
84.328,51.71
85.401,51.57
85.130,51.53
86.859,55.14
85.901,52.65
86.850,55.11
86.530,54.38
85.958,52.48
85.558,52.47
77.347,41.33
84.740,50.52
86.086,54.06
86.137,53.35
85.302,51.77
86.616,54.62
82.286,44.13
84.233,48.72
84.872,49.86
85.591,51.19
86.375,53.66
79.186,44.64
79.691,38.81
81.621,48.20
81.706,48.61
79.535,44.27
81.375,49.18
85.703,53.16
83.990,49.20
82.355,45.05
80.341,39.38
82.817,46.09
78.872,36.29
81.807,45.36
81.136,47.22
84.621,51.41
84.659,51.71
83.625,53.62
79.782,47.06
84.695,51.63
86.941,54.54
86.859,55.02
85.674,51.48
83.823,51.23
83.846,52.17
86.677,55.96
85.047,53.23
86.862,55.78
84.874,52.97
85.715,55.76
86.597,53.46
84.348,52.42
86.927,56.08
88.240,59.14
87.321,57.89
87.784,56.30
85.983,54.17
88.265,58.24
82.141,48.15
78.088,33.84
82.206,43.82
80.498,39.91
79.337,47.41
82.000,44.06
85.145,52.83
87.324,55.97
86.465,54.18
88.064,57.92
87.273,56.75
86.340,54.72
86.303,53.02
85.402,51.82
86.416,54.14
84.923,52.05
86.542,56.17
85.156,56.10
86.851,57.17
83.716,48.23
81.296,42.30
86.044,53.29
86.672,54.43
86.720,55.38
85.603,54.50
85.772,52.39
86.938,55.20
87.336,55.67
87.727,57.33
86.165,54.32
87.484,56.29
78.822,34.77
86.640,53.79
87.062,55.76
87.157,55.80
82.892,50.19
83.102,50.56
85.252,52.05
86.622,53.70
83.992,52.87
86.419,54.26
86.497,53.41
85.799,53.25
85.806,53.48
84.140,49.13
83.491,48.61
86.117,53.60
84.648,51.36
84.430,48.67
85.272,53.21
85.694,52.19
86.025,53.31
86.070,52.67
87.166,55.61
83.065,46.32
86.563,54.67
85.897,53.70
86.905,55.87
87.607,56.72
86.704,54.06
85.881,52.24
86.292,53.96
85.739,52.63
81.683,41.63
82.224,43.49
81.739,46.06
80.001,41.09
85.973,52.64
83.108,48.70
85.493,51.70
85.010,51.67
85.640,51.95
84.646,50.33
85.128,52.09
85.767,52.23
84.377,53.41
82.814,45.71
87.029,55.33
84.716,51.40
85.608,51.48
83.180,48.94
81.036,45.74
83.199,50.35
85.459,52.42
87.172,56.15
83.426,48.64
85.180,50.94
86.613,54.41
85.122,51.05
86.589,54.85
84.816,51.94
86.801,54.88
82.665,44.57
78.380,38.01
85.913,52.36
83.190,46.86
85.586,52.91
86.374,54.67
84.142,49.18
85.515,52.54
85.681,53.88
77.792,32.77
77.938,37.46
85.215,54.63
87.375,56.80
86.554,54.44
86.690,54.30
87.181,55.99
86.808,54.39
86.925,55.42
86.840,54.51
84.149,48.78
85.255,52.01
86.167,52.86
84.617,49.75
86.191,53.41
86.622,53.83
81.762,48.44
81.317,45.17
86.175,52.61
81.663,48.40
85.984,53.76
86.579,53.83
86.399,53.37
86.017,53.21
83.084,47.68
86.886,54.03
84.699,50.98
86.240,53.27
85.972,52.67
86.222,52.68
84.971,51.62
86.802,55.32
82.721,46.09
85.794,52.39
83.997,47.73
84.295,49.53
85.670,51.38
84.040,48.60
85.354,50.82
83.391,47.47
84.912,50.32
85.002,50.31
84.598,50.20
85.912,53.65
85.487,51.19
82.672,49.12
84.966,49.67
85.354,50.83
86.855,55.22
85.800,52.31
80.927,48.09
86.006,53.68
85.562,52.24
85.323,51.92
85.219,51.65
85.928,52.53
85.053,51.49
87.634,55.82
86.299,53.08
84.133,49.91
85.181,52.01
85.814,52.39
83.820,47.66
86.016,52.68
85.299,51.12
86.624,53.62
86.710,55.34
86.670,55.18
87.888,57.50
85.722,52.50
85.794,53.82
80.961,42.22
82.686,45.73
84.315,49.03
83.512,48.85
83.185,47.52
83.252,46.39
83.817,49.17
84.866,50.18
86.820,54.24
86.314,53.09
85.744,52.15
85.126,50.34
85.294,52.66
83.090,54.17
85.010,51.67
85.820,51.96
82.417,46.36
86.229,53.60
83.353,48.24
83.483,47.94
85.988,52.20
83.294,48.55
86.219,52.80
85.046,52.72
84.598,50.53
86.047,55.56
85.727,55.97
85.732,52.21
84.083,52.69
81.988,46.67
84.502,50.30
82.487,44.51
80.007,43.62
84.795,49.19
78.041,40.62
78.032,40.74
76.701,37.63
79.044,38.72
78.419,45.74
80.285,48.08
81.348,45.83
79.108,43.23
82.191,46.27
80.750,44.69
84.297,51.17
82.032,45.39
86.171,53.39
85.292,51.94
85.774,53.05
82.581,47.10
78.118,34.37
79.617,47.83
83.097,52.11
86.007,53.05
85.018,53.49
80.169,41.67
79.545,37.73
83.100,51.25
80.975,42.01
87.284,55.48
85.028,54.13
85.654,53.15
82.932,49.21
85.793,54.10
85.739,59.68
79.839,50.88
85.902,54.31
78.647,39.56
83.229,52.66
82.657,49.28
84.435,51.97
86.995,58.62
88.438,58.48
80.513,44.86
86.256,52.93
84.615,56.04
87.743,56.75
89.253,60.49
85.934,56.03
83.870,52.43
86.281,54.76
85.166,53.24
86.344,56.28
88.778,58.88
86.461,57.58
87.572,57.65
87.524,57.39
88.397,60.14
85.364,53.03
88.345,57.66
86.462,55.33
89.005,60.05
82.444,48.89
86.867,55.05
87.721,56.58
85.199,51.84
87.738,58.50
86.123,55.89
86.572,54.78
86.648,54.11
86.123,53.21
86.469,53.87
85.382,50.71
84.853,52.35
85.168,50.88
85.929,52.07
85.347,52.07
83.622,48.22
86.678,58.50
79.632,43.66
84.275,48.79
86.957,54.41
86.119,53.35
85.698,53.10
85.366,51.32
87.268,55.20
85.300,52.50
85.070,54.58
85.980,53.20
85.649,51.93
81.540,47.81
83.650,46.99
80.802,44.56
80.553,43.67
80.946,44.91
83.333,47.60
82.914,49.65
77.544,38.36
81.516,48.15
81.069,48.15
83.521,47.55
81.990,49.10
81.706,48.61
80.603,46.88
80.927,48.09
85.342,52.28
85.532,52.42
83.196,50.17
75.303,36.81
79.445,45.45
78.737,38.21
79.630,42.46
81.801,47.25
80.703,47.54
81.829,44.44
82.675,45.87
81.326,47.69
80.711,44.11
78.995,45.58
82.782,45.44
85.116,50.45
79.256,41.11
81.144,45.52
81.326,47.69
82.638,50.21
85.128,53.02
84.898,51.89
83.059,46.53
83.814,48.41
84.218,49.83
80.151,45.64
84.084,50.57
82.647,45.00
79.407,41.48
86.993,54.75
86.302,54.05
85.028,54.13
84.570,54.07
82.561,52.22
84.655,54.21
83.794,53.70
85.825,54.12
82.705,46.32
80.111,48.30
85.756,54.41
85.739,59.68
80.036,42.52
82.694,51.47
84.030,48.70
84.848,49.62
86.031,52.31
86.032,53.17
85.536,51.69
84.826,52.82
85.448,53.68
85.294,52.66
84.898,51.31
89.410,60.63
82.444,48.89
78.683,42.33
85.867,52.15
84.755,49.72
79.233,40.86
81.123,42.23
83.003,46.39
84.129,51.00
85.652,53.12
86.504,56.38
83.372,51.59
84.737,49.68
87.080,54.29
80.888,43.77
82.520,50.70
82.349,46.72
85.123,51.82
79.978,44.29
82.240,48.07
82.175,49.55
83.157,47.14
86.388,53.65
87.722,58.99
86.721,56.01
87.756,57.80
85.192,53.75
86.433,54.89
87.035,55.49
84.761,51.02
87.925,56.57
86.624,54.08
84.776,49.70
86.438,54.51
85.238,51.06
86.384,53.69
85.594,52.02
81.294,43.96
83.561,46.76
82.741,44.33
84.022,47.32
80.212,38.56
79.522,36.69
77.278,33.54
77.888,33.70
81.370,42.27
82.877,46.23
84.541,49.14
85.661,51.29
82.862,46.15
84.672,51.16
76.894,31.89
84.927,49.28
81.896,42.47
80.404,42.28
84.945,51.05
83.386,48.09
79.226,40.78
84.518,49.27
86.586,53.54
85.987,52.78
84.263,48.95
82.304,44.77
85.839,53.58
83.869,47.52
83.635,47.78
85.962,52.56
84.248,48.94
80.874,40.63
84.413,48.96
77.835,32.45
81.264,45.45
81.896,42.64
81.804,44.15
84.411,48.28
88.438,58.48
86.995,58.62
84.543,52.23
85.152,51.40
83.694,48.89
78.654,40.08
77.797,37.11
79.425,40.00
77.948,32.84
81.172,45.65
85.989,53.79
84.728,53.80
84.255,52.34
86.760,54.28
85.932,54.84
88.136,59.11
85.834,53.72
79.892,42.80
76.159,29.91
86.542,56.17
83.334,48.83
84.703,52.99
86.735,54.28
86.334,54.20
84.865,53.51
84.721,53.33
83.782,49.57
86.215,53.35
86.387,54.13
86.407,53.98
85.958,53.49
86.621,54.42
84.859,50.24
84.452,50.52
86.764,54.75
83.740,49.56
85.559,51.97
85.544,53.20
84.513,50.69
81.955,46.93
85.754,51.65
73.800,29.22
80.340,42.56
78.259,41.03
80.283,46.67
81.801,47.25
80.956,47.47
81.939,43.02
84.080,52.38
84.143,52.90
78.793,37.47
84.720,51.57
86.027,54.17
81.815,48.29
81.457,48.96
86.071,53.49
84.151,51.99
85.832,52.63
85.401,51.34
85.402,52.58
84.874,54.81
80.953,41.71
84.257,50.50
84.393,51.41
75.774,35.52
87.797,57.73
88.112,57.19
85.985,52.12
86.329,54.08
86.703,54.72
86.503,54.70
86.120,55.14
87.638,58.91
83.652,53.15
86.607,57.33
84.420,52.00
85.278,53.05
82.405,51.01
83.943,48.40
85.183,51.22
83.874,48.51
85.624,53.51
85.756,54.02
84.738,50.36
80.488,41.97
80.726,42.82
80.994,41.78
80.503,41.67
84.063,50.33
80.480,42.94
80.871,44.23
84.597,51.12
85.138,50.47
82.480,44.30
84.910,49.90
87.089,54.77
82.799,50.88
83.764,50.40
85.802,52.77
84.428,49.19
82.733,46.35
84.607,50.97
74.444,37.72
85.768,52.37
80.904,45.49
81.823,47.97
86.028,53.10
83.137,47.42
83.915,48.92
87.199,55.75
84.141,49.74
85.244,52.16
86.577,54.65
86.295,53.26
82.946,47.96
83.801,51.70
85.309,52.27
85.109,53.24
84.898,52.84
86.315,54.60
85.554,51.74
88.358,59.39
86.187,54.02
85.695,53.08
86.503,54.19
86.642,54.78
85.738,51.82
85.079,50.94
87.569,55.81
85.466,51.88
83.793,48.72
83.871,49.43
83.170,54.02
85.598,52.07
86.669,54.82
86.658,54.84
85.012,51.29
81.600,47.68
86.144,53.14
84.769,50.49
84.880,50.34
85.881,53.74
86.625,54.63
85.068,51.25
85.930,52.44
85.054,49.91
83.867,50.83
83.614,50.00
86.903,56.23
85.799,52.97
86.061,53.22
83.062,47.33
85.810,52.26
85.441,53.15
84.430,50.00
81.671,47.29
86.021,53.23
87.184,54.82
84.313,48.88
86.580,54.25
86.541,55.13
85.467,51.49
86.054,53.40
85.078,51.22
85.245,51.19
84.731,50.44
82.873,45.31
81.685,47.04
82.790,48.41
80.755,41.86
82.567,50.22
80.934,42.56
80.406,42.90
84.970,52.82
86.646,54.62
86.567,56.74
85.688,53.00
84.438,52.83
84.728,53.80
82.117,47.17
81.086,44.65
83.953,50.23
78.254,41.15
83.834,48.98
77.995,47.62
83.290,52.58
86.319,53.81
84.529,52.27
83.681,47.81
83.458,56.46
83.090,54.17
86.786,54.23
80.255,46.45
85.026,55.19
83.983,54.17
82.196,46.96
86.055,54.68
82.705,46.32
80.111,48.30
86.060,55.13
86.200,59.90
80.487,45.33
76.396,39.72
76.533,46.67
86.356,56.83
86.239,54.96
88.201,57.82
89.156,60.01
85.130,56.76
87.506,55.80
85.530,55.35
86.806,58.12
87.054,57.72
87.543,60.00
85.802,53.28
86.607,57.33
85.310,57.62
88.182,57.29
86.543,57.60
87.748,58.08
79.135,41.18
82.277,44.25
87.819,58.13
82.432,51.61
73.344,38.89
79.152,35.46
77.705,31.72
79.618,39.56
86.646,54.86
82.246,52.47
78.349,38.77
80.931,40.31
84.809,50.46
85.149,50.84
84.800,49.88
86.333,53.74
85.485,51.54
83.280,47.04
83.233,53.03
78.465,41.94
78.895,42.71
78.151,39.09
82.330,48.00
86.573,53.63
82.396,49.21
87.299,58.64
84.655,54.21
79.940,44.00
85.136,50.78
86.547,55.67
87.685,56.97
86.009,56.34
83.748,51.52
85.961,55.10
85.634,55.18
86.104,52.71
84.024,52.48
85.317,50.92
83.297,47.32
85.969,52.59
87.286,57.17
86.179,53.39
84.116,50.43
84.807,51.07
84.975,50.28
82.101,43.39
81.427,47.26
83.066,46.30
85.665,52.99
83.240,50.17
79.987,41.74
79.038,35.56
84.189,50.66
80.613,47.95
83.855,51.89
85.065,53.72
79.595,47.52
83.352,47.39
82.926,49.35
83.942,49.90
84.294,50.87
84.288,56.28
80.454,43.54
76.426,32.12
77.881,39.61
85.215,52.56
86.795,54.26
84.021,54.59
88.510,58.61
89.299,60.76
87.374,59.76
87.340,56.34
86.534,56.89
86.736,57.91
86.323,55.09
85.456,54.29
87.947,58.43
85.500,54.14
86.440,56.32
88.576,58.39
86.461,57.58
86.810,55.79
88.295,59.27
87.907,58.99
87.728,56.16
86.598,55.67
87.081,54.66
83.113,47.25
81.720,42.87
79.823,39.64
79.102,37.92
80.703,47.54
80.561,40.66
81.948,48.19
84.328,51.71
86.995,58.62
88.438,58.48
81.729,42.15
81.985,43.40
81.898,44.27
85.028,54.13
86.256,53.94
80.031,43.07
84.444,49.69
84.784,50.86
80.404,42.28
80.865,43.03
80.768,49.06
80.594,43.88
85.371,52.42
82.743,47.20
81.153,41.45
83.110,48.33
85.240,50.91
85.094,52.35
86.026,52.59
85.032,51.39
84.893,49.84
87.390,56.12
87.851,57.52
86.109,52.68
85.715,52.57
85.034,51.80
85.933,53.15
84.402,52.60
84.441,54.12
85.110,50.13
85.546,52.28
85.847,53.64
86.158,54.02
86.363,54.03
86.203,53.57
74.800,32.34
85.724,51.92
85.141,50.53
85.791,53.55
86.014,53.03
85.232,51.10
84.351,50.26
84.230,53.05
86.988,54.87
85.866,52.76
86.100,53.64
84.844,51.28
86.478,53.94
85.969,52.91
86.950,55.76
82.483,47.07
83.251,46.79
85.306,51.70
81.807,56.48
82.567,58.33
84.359,48.96
80.792,45.89
86.513,55.00
84.188,51.69
85.143,50.52
85.150,51.92
86.428,53.42
86.358,53.52
87.246,54.94
86.573,53.93
86.786,55.70
86.521,55.16
83.748,47.92
82.456,46.41
84.838,50.37
84.249,48.82
83.417,46.97
82.680,47.34
81.256,42.56
85.515,50.90
83.599,48.15
84.056,47.70
83.265,46.58
85.627,52.37
85.422,51.68
85.442,51.74
82.236,47.27
85.626,51.68
81.690,42.26
82.644,48.82
86.399,54.72
83.246,48.87
82.707,46.48
84.272,49.46
84.119,49.45
83.299,46.33
82.442,49.40
84.944,49.56
79.108,43.23
76.514,37.04
76.909,36.32
79.525,39.71
81.663,48.40
81.373,45.67
81.736,45.10
83.159,51.75
83.286,47.83
84.889,50.34
86.567,56.74
84.874,51.55
80.439,47.88
81.999,43.87
82.520,50.70
79.447,41.86
84.818,54.48
86.576,54.44
83.525,50.00
82.546,46.14
82.198,50.51
86.176,53.45
87.225,55.34
83.983,54.17
82.552,47.83
86.363,55.43
82.705,46.32
80.111,48.30
86.323,55.77
85.518,59.14
79.922,43.86
86.356,56.83
86.166,54.79
88.201,57.82
89.156,60.01
85.314,57.21
87.776,56.43
85.906,56.27
87.273,59.26
87.330,58.39
87.425,59.71
85.745,53.14
86.607,57.33
85.310,57.62
88.208,57.38
86.423,57.31
86.480,56.39
88.254,57.43
86.120,54.50
88.818,59.59
83.356,51.11
81.613,42.01
79.715,37.94
78.893,37.02
83.260,51.16
88.438,58.48
86.995,58.62
84.328,51.71
77.176,35.84
77.322,41.50
80.752,41.20
79.853,39.26
80.227,40.63
81.229,43.11
81.878,50.56
86.418,54.52
86.689,54.52
86.065,52.83
87.289,55.64
86.949,54.83
68.122,44.44
86.448,54.42
83.950,49.11
83.706,46.91
86.341,54.18
84.709,51.10
85.240,51.78
84.952,50.48
81.420,46.83
85.961,52.00
83.972,48.21
80.009,49.61
79.918,46.43
86.297,52.80
84.293,50.08
84.652,50.33
82.884,49.19
85.629,51.97
86.044,53.63
82.897,48.93
83.722,53.42
84.227,49.33
80.343,47.13
84.399,48.39
86.185,52.76
85.201,50.98
85.870,53.23
83.450,48.15
85.273,51.16
85.806,51.52
86.610,54.15
84.397,48.97
85.148,51.43
84.823,50.25
87.610,57.24
85.211,51.24
86.735,54.26
82.156,48.78
86.215,53.17
86.123,52.92
85.946,53.52
84.484,50.72
87.977,57.39
88.570,59.02
88.073,57.82
85.590,52.15
84.238,49.63
81.216,47.11
83.297,49.44
84.391,54.95
83.452,50.48
85.750,52.72
85.499,52.19
86.764,54.89
85.662,52.72
86.780,54.92
86.784,54.10
87.297,57.12
84.569,49.49
84.429,49.45
82.775,45.25
86.970,55.01
87.390,56.40
85.654,51.69
84.675,51.48
86.399,54.14
86.471,54.87
81.488,43.04
84.111,48.64
83.420,47.00
84.220,48.14
82.124,43.60
80.877,45.35
84.841,50.37
85.075,51.39
85.363,53.10
86.302,54.05
85.028,54.13
85.841,52.21
87.121,55.45
84.454,49.50
85.657,53.55
83.905,47.69
85.464,51.83
85.625,51.75
84.372,49.25
82.333,43.85
79.997,44.44
76.297,36.51
82.998,46.17
85.070,49.83
78.349,38.77
76.058,36.84
79.220,42.34
80.009,39.54
80.810,49.36
79.337,47.41
79.888,40.48
78.492,39.61
84.628,52.01
84.207,49.18
86.170,54.08
85.321,51.97
83.368,48.94
78.092,39.91
79.582,42.05
78.956,44.44
79.262,36.46
77.264,31.82
78.906,35.34
84.207,49.83
82.446,48.45
82.669,46.31
84.122,50.69
85.008,52.22
87.336,55.61
83.224,52.31
82.314,47.25
86.363,55.43
82.705,46.32
80.111,48.30
86.323,55.77
79.922,43.86
86.356,56.83
86.239,54.96
88.201,57.82
89.156,60.01
85.499,57.66
87.143,55.46
87.662,56.86
86.282,57.19
87.040,58.69
87.238,58.17
87.425,59.71
85.688,53.00
86.825,57.87
85.310,57.62
88.222,57.42
86.543,57.60
87.807,58.23
87.689,57.80
88.537,60.48
85.286,52.84
87.950,56.69
86.803,56.17
88.849,59.67
82.748,49.63
81.096,42.36
80.294,40.16
78.984,36.92
83.330,48.74
86.691,53.62
84.945,55.06
82.593,47.04
84.842,50.30
86.061,52.23
78.905,43.01
81.419,45.37
84.719,48.88
86.959,54.47
85.640,52.50
82.237,43.00
82.256,45.05
82.202,44.04
85.576,51.37
84.903,50.04
84.895,51.49
86.734,53.68
77.078,33.57
76.696,33.63
78.143,36.11
78.516,37.57
84.890,50.81
85.387,51.11
83.826,47.80
83.241,47.83
79.400,44.83
81.870,51.19
85.451,51.13
84.936,50.65
86.057,52.83
85.515,51.30
78.300,40.00
83.897,48.01
85.938,52.97
82.676,46.13
82.338,44.99
86.170,53.28
83.799,49.16
85.350,50.70
82.052,51.46
81.239,49.15
81.706,44.75
85.605,51.67
85.741,52.27
86.716,54.83
86.294,53.93
86.124,53.84
86.235,53.19
78.929,43.68
83.742,52.99
84.720,52.00
85.245,52.79
85.777,52.50
81.862,43.84
85.732,51.59
84.919,50.38
85.852,52.20
83.180,47.25
74.050,30.05
87.286,55.38
89.771,61.05
79.922,43.86
85.470,52.01
85.523,52.72
86.845,55.89
86.675,54.17
87.055,54.48
84.634,49.32
77.868,32.94
82.422,44.23
84.805,50.55
86.806,53.97
86.699,55.03
84.305,49.85
83.967,52.28
86.010,53.12
85.920,52.24
78.429,44.93
80.756,46.30
83.838,50.00
86.463,54.37
86.482,54.31
86.087,53.51
86.906,55.35
85.216,50.61
85.508,53.09
82.703,44.61
85.758,52.12
84.267,48.31
86.396,53.60
83.773,46.62
83.483,46.02
82.361,43.58
80.321,39.03
82.672,44.33
80.102,39.24
76.814,37.37
85.122,50.04
82.444,44.59
81.864,44.64
82.314,45.57
82.857,44.42
82.807,45.99
82.895,46.81
84.948,49.31
85.838,52.10
85.122,51.05
86.188,52.99
86.318,53.84
86.269,53.78
84.560,49.56
84.583,49.89
81.742,46.74
86.428,54.68
83.923,48.20
85.613,51.65
84.448,48.84
84.436,52.22
85.313,51.56
85.873,52.34
85.983,53.29
85.264,51.05
84.571,50.45
83.236,48.51
81.827,45.57
83.160,52.05
84.696,50.11
84.694,49.66
84.420,51.77
85.043,50.82
73.244,37.50
82.365,44.44
82.065,46.06
84.060,49.90
85.030,49.90
84.853,50.87
84.388,49.93
82.895,51.96
84.924,49.97
80.459,43.17
78.920,36.76
80.229,40.00
81.096,42.36
82.596,49.26
87.958,58.27
87.077,56.83
88.199,57.30
88.731,60.97
88.571,59.95
87.631,57.80
86.461,57.58
88.429,58.02
86.344,56.28
83.562,49.41
86.600,55.11
84.834,52.78
84.981,52.06
86.505,57.34
86.534,56.89
87.340,56.34
87.374,59.76
89.299,60.76
88.434,58.43
84.021,54.59
86.731,54.10
84.314,50.37
82.932,49.21
85.046,52.72
84.637,56.99
80.111,48.30
82.705,46.32
86.209,55.06
82.314,47.25
84.021,54.59
87.306,55.54
83.090,54.17
84.312,51.16
81.812,44.05
81.991,50.00
82.226,45.23
83.998,51.96
86.397,54.00
84.054,52.75
80.888,43.77
82.520,50.70
84.264,50.18
81.134,44.87
82.080,49.12
83.443,51.06
86.546,55.09
86.424,56.06
86.403,54.02
85.067,53.05
81.526,47.33
80.567,43.07
82.340,49.57
80.783,41.31
76.914,37.14
76.948,38.10
78.683,42.33
79.939,43.14
86.302,54.05
85.028,54.13
86.556,54.71
84.328,51.71
86.995,58.62
88.438,58.48
84.725,52.25
82.748,49.63
88.801,59.64
87.077,56.83
82.085,49.54
87.855,56.76
88.138,58.08
88.537,60.48
87.689,57.80
87.514,57.51
86.064,56.43
88.194,57.32
85.505,58.10
86.716,57.60
86.260,54.39
87.543,60.00
87.330,58.39
87.273,59.26
85.906,56.27
87.776,56.43
85.499,57.66
89.156,60.01
88.201,57.82
86.239,54.96
86.356,56.83
79.922,43.86
86.323,55.77
85.518,59.14
80.111,48.30
82.705,46.32
86.363,55.43
82.552,47.83
83.823,54.11
87.350,55.65
82.846,53.57
84.448,51.52
82.699,45.80
84.208,51.67
86.358,53.90
83.097,52.11
77.995,47.62
82.669,46.15
83.592,49.75
86.076,54.11
86.287,54.39
85.614,52.23
84.874,52.58
81.751,46.53
82.153,46.51
81.030,47.92
81.291,45.88
80.308,45.77
81.288,47.49
82.179,52.12
76.731,37.57
79.322,43.75
84.828,49.27
80.216,44.30
84.025,51.68
83.786,50.88
82.845,46.70
81.944,43.78
85.338,55.23
85.451,50.80
85.572,51.11
85.436,52.75
85.642,52.51
85.602,53.17
86.706,54.49
85.255,52.01
85.838,52.42
85.700,52.57
85.973,52.71
83.813,51.46
85.377,51.95
84.100,51.82
80.195,41.80
84.609,49.66
86.139,52.99
86.043,52.64
85.011,50.79
86.202,53.15
84.778,50.76
82.293,47.32
84.178,49.31
85.039,50.38
84.895,50.54
86.642,54.20
85.550,51.37
85.140,50.77
84.559,49.04
85.201,51.82
84.570,50.76
83.400,47.27
86.637,54.62
86.225,53.04
85.436,51.49
86.077,53.29
86.071,53.22
76.789,42.06
80.946,46.76
83.544,49.21
84.733,51.20
86.182,54.75
87.363,55.50
85.943,52.88
85.468,52.82
85.373,52.30
83.887,48.90
85.619,51.63
84.354,50.17
85.545,52.26
85.626,51.84
84.903,51.29
81.672,45.99
86.823,54.95
84.221,50.64
83.047,48.05
82.292,49.37
84.709,50.23
86.256,52.91
85.364,53.07
83.442,52.08
85.095,52.00
85.943,52.82
84.349,51.47
86.193,54.48
88.047,56.81
84.521,52.59
83.618,47.67
83.958,49.31
86.295,53.59
78.356,51.11
85.981,53.02
86.280,53.91
86.162,53.22
84.117,48.30
83.455,47.82
86.311,53.42
85.532,51.63
81.184,45.10
83.792,47.10
85.777,53.07
84.489,49.87
84.483,50.22
85.210,52.11
84.231,47.93
83.964,49.12
80.819,46.67
84.937,50.04
82.811,50.63
85.809,52.64
83.437,49.16
86.845,54.87
86.191,53.22
84.524,50.07
85.690,51.81
85.071,53.66
79.334,43.92
84.406,51.58
86.661,53.61
86.654,54.54
81.729,45.66
82.668,44.69
83.053,45.58
83.605,47.52
84.754,50.59
83.898,47.37
85.312,51.22
81.378,42.00
85.134,51.50
85.969,53.14
86.625,54.26
82.407,48.30
84.878,49.73
87.021,54.64
84.886,50.72
85.871,52.72
82.098,50.52
85.743,51.98
81.296,42.30
83.728,49.46
86.523,54.93
83.806,49.09
86.823,55.15
83.150,50.00
86.766,54.02
86.381,54.07
64.478,35.56
82.878,48.46
81.991,50.00
83.591,48.62
85.039,49.97
80.673,39.34
84.214,49.28
86.349,54.09
80.615,43.99
85.402,51.92
81.585,43.76
85.157,51.87
84.431,50.42
86.034,52.73
77.945,33.99
83.775,52.27
85.718,51.50
84.592,50.20
83.674,47.01
81.082,41.43
83.068,49.00
84.526,49.08
80.807,43.93
83.106,49.26
84.238,49.15
85.286,51.58
84.726,51.22
84.264,50.62
86.332,53.97
86.972,55.06
88.339,58.28
87.065,55.65
86.509,54.05
86.062,53.66
83.499,47.68
83.558,47.94
85.199,51.84
86.896,56.65
87.053,55.44
87.496,56.18
84.681,50.76
86.357,53.59
85.667,53.30
85.454,54.17
83.303,50.92
86.332,53.50
81.069,41.02
87.187,55.20
86.953,55.36
86.777,56.34
85.909,52.13
83.614,47.96
85.079,50.84
85.690,53.27
84.652,53.21
86.256,53.94
81.405,42.42
83.855,47.91
82.765,45.34
82.806,45.64
83.340,46.55
84.584,49.20
84.792,50.05
81.050,45.42
82.977,48.07
84.722,50.00
84.568,49.83
85.066,51.11
85.292,51.94
85.019,49.92
84.619,49.38
80.352,38.91
83.256,45.88
84.549,51.19
85.770,54.59
84.601,50.06
86.008,52.88
84.403,52.30
83.637,52.16
81.125,46.18
80.255,46.45
83.069,48.89
82.258,44.91
85.690,52.49
86.440,54.05
85.197,50.53
85.401,51.47
84.829,50.31
86.632,54.48
85.530,51.26
86.001,54.30
86.492,55.03
87.289,55.47
84.285,52.01
81.237,45.33
84.156,56.11
85.205,50.73
85.969,54.23
86.542,53.99
85.068,50.22
86.639,54.08
84.621,49.79
85.146,51.44
85.763,52.82
82.009,45.32
84.896,51.68
84.972,50.99
80.819,46.67
80.067,42.71
79.854,43.33
84.392,49.62
85.714,51.97
85.983,53.29
85.041,49.93
85.754,53.22
83.434,48.19
85.034,50.39
86.420,53.11
86.075,52.73
82.119,48.95
81.023,45.29
83.593,48.10
82.347,47.37
85.871,53.04
83.655,50.13
81.679,48.05
85.215,52.05
85.155,51.89
85.023,49.88
85.371,52.42
83.337,49.58
82.869,49.48
86.479,54.03
86.967,56.39
86.476,53.53
85.637,51.69
84.341,49.31
85.969,52.53
85.296,51.44
86.052,52.83
83.865,47.92
84.073,48.94
84.959,51.02
85.807,52.62
85.704,53.43
81.663,43.62
86.542,55.94
85.291,51.96
84.800,51.76
86.696,54.09
85.258,52.56
84.851,50.67
83.695,50.00
84.768,50.67
85.380,51.65
85.780,51.60
83.837,47.68
85.457,52.34
84.318,50.26
86.264,53.06
78.779,37.22
85.041,53.28
86.939,54.55
86.793,54.83
85.784,53.49
83.564,49.74
86.397,54.00
86.259,54.01
86.489,53.68
85.981,52.41
84.712,51.59
86.319,53.08
85.932,53.07
85.148,51.24
83.916,49.22
82.134,46.72
81.867,45.22
84.567,49.12
84.941,50.94
85.807,52.08
85.339,51.52
83.247,48.02
82.233,48.81
83.317,50.00
81.163,42.97
81.050,46.25
85.317,51.16
85.679,53.15
82.517,44.61
77.452,35.34
80.742,41.17
81.253,43.95
82.588,55.07
78.875,42.16
82.250,47.01
79.968,42.65
80.851,45.68
73.365,35.09
81.274,43.88
82.895,51.96
84.791,54.68
84.927,54.33
85.701,53.40
83.099,51.52
84.676,52.73
88.218,57.46
86.661,54.79
83.452,50.48
86.086,54.06
84.652,53.21
83.634,49.64
77.675,34.03
83.894,49.69
82.996,48.63
85.643,53.80
86.128,53.16
84.962,54.01
83.236,46.32
80.992,47.69
79.081,40.43
85.104,52.28
85.692,51.61
84.279,49.77
81.762,48.44
83.304,47.16
86.164,54.05
85.280,52.17
84.183,48.95
83.063,47.28
85.886,53.47
84.456,48.63
85.914,52.43
83.508,49.39
84.228,51.64
84.726,49.46
86.443,56.52
86.846,54.89
81.815,48.29
85.402,52.47
82.713,46.88
78.730,35.18
78.802,35.35
84.754,53.65
86.859,54.55
87.151,55.92
87.312,57.06
88.340,58.37
85.080,52.93
86.764,54.79
85.315,53.33
85.973,53.03
85.849,55.07
85.796,55.46
85.874,53.39
83.052,50.37
83.602,47.71
79.522,38.30
82.371,51.32
81.900,48.68
85.427,52.08
85.667,51.62
82.496,51.91
86.049,53.38
85.980,53.20
86.535,56.26
85.834,52.22
86.433,54.89
84.078,48.71
80.815,40.03
81.737,43.17
80.402,41.79
85.850,52.74
83.630,48.27
79.820,38.84
80.924,42.18
77.535,33.33
84.815,50.20
83.052,50.37
89.099,60.27
87.008,56.67
87.763,56.46
88.696,59.44
88.731,60.97
88.571,59.95
87.924,58.51
86.336,57.27
88.725,60.26
88.526,58.51
86.344,56.28
85.166,53.24
86.281,54.76
83.870,52.43
85.934,56.03
89.253,60.49
87.743,56.75
84.615,56.04
86.251,52.93
82.790,46.86
82.671,48.57
85.097,52.78
84.637,56.99
79.355,47.73
80.479,46.99
86.132,54.87
82.671,48.12
84.021,54.59
85.028,54.13
86.302,54.05
87.394,55.75
82.602,52.98
84.257,51.05
82.699,45.80
85.006,53.61
86.319,53.81
82.905,51.64
78.386,48.57
83.331,47.87
80.477,43.27
76.031,37.91
83.452,49.86
79.393,42.67
85.343,52.22
87.051,57.92
86.488,54.24
85.163,53.29
81.181,46.93
81.334,42.64
80.318,48.37
76.297,36.51
78.466,41.80
84.812,49.23
79.076,42.65
82.035,43.40
82.807,45.74
80.223,38.94
85.028,50.34
84.894,49.90
80.256,39.75
83.806,47.84
84.263,49.02
84.591,49.79
85.724,52.31
85.815,53.23
84.421,50.64
84.328,51.71
86.995,58.62
88.438,58.48
83.139,45.25
84.402,52.60
86.117,53.60
85.698,52.56
86.284,53.97
86.626,54.53
82.795,46.05
80.216,41.36
87.372,56.81
85.702,54.17
87.036,57.44
83.468,52.70
86.737,57.72
84.086,53.03
81.623,49.23
83.452,49.86
82.236,47.27
85.053,50.71
82.765,47.05
84.523,49.27
84.927,50.00
83.159,51.75
85.442,51.74
86.035,52.76
85.014,50.79
85.402,52.00
69.351,43.14
86.518,54.56
87.852,57.24
86.780,54.90
86.112,53.28
86.651,55.84
86.930,55.96
85.402,52.12
85.637,53.27
83.117,46.11
82.134,43.44
85.226,50.75
78.969,36.79
86.597,54.12
79.855,37.61
79.173,38.04
80.033,38.61
80.455,39.41
77.235,31.44
78.587,34.89
77.257,31.32
76.291,29.99
76.613,29.96
76.448,30.27
84.920,50.67
82.870,45.48
83.785,47.24
86.711,54.55
86.553,54.10
86.648,54.16
86.606,54.12
86.956,55.00
87.284,55.74
87.059,55.39
86.337,55.69
87.375,56.52
86.589,54.37
83.461,48.27
82.713,45.65
81.783,42.53
86.563,54.19
85.571,53.78
85.085,51.19
86.254,52.84
85.727,54.50
86.246,53.51
86.190,52.97
80.204,42.18
80.615,43.99
86.097,52.59
88.326,59.97
83.838,48.75
86.706,55.12
87.600,56.63
85.739,51.67
84.138,49.34
85.309,52.27
87.060,55.37
87.829,56.45
87.818,56.43
87.124,55.37
86.525,53.92
86.083,53.94
83.188,49.55
86.530,53.96
78.765,38.99
84.559,49.78
83.168,46.67
84.141,48.51
85.386,51.18
80.514,43.86
80.697,42.16
84.492,49.09
85.881,53.10
85.285,51.28
85.128,50.63
87.033,55.62
87.290,56.31
84.908,51.00
83.950,48.47
86.630,55.06
86.389,54.50
80.538,45.00
79.690,40.80
79.157,40.00
81.951,47.62
84.743,50.36
83.711,50.74
79.816,37.97
83.004,44.82
79.875,38.96
79.513,38.67
79.226,40.78
86.417,53.96
86.136,52.61
85.485,50.66
78.507,38.36
86.493,54.18
86.519,54.18
86.985,54.60
86.302,54.05
84.903,53.82
80.655,41.99
83.662,49.26
84.292,49.58
85.389,50.95
80.631,44.98
83.356,51.11
88.974,59.97
86.462,55.33
87.594,56.05
88.696,59.44
88.731,60.97
88.571,59.95
87.924,58.51
86.336,57.27
88.352,57.82
86.334,57.61
83.756,49.88
86.654,55.25
83.657,49.87
87.538,57.85
86.060,57.45
86.658,58.10
87.568,56.87
84.903,53.82
86.302,54.05
86.956,54.89
84.830,56.34
88.113,57.39
83.512,48.85
86.323,55.77
85.518,59.14
80.111,48.30
82.705,46.32
85.825,54.12
83.794,53.70
85.323,56.50
82.561,52.22
87.359,55.62
77.889,37.78
81.185,41.46
84.554,51.35
79.521,44.10
83.745,48.68
81.795,49.05
80.253,41.54
80.312,46.89
84.588,51.14
85.220,53.24
82.638,50.21
81.326,47.69
81.291,45.88
83.433,50.86
86.015,53.85
83.961,48.24
82.092,47.47
81.475,47.95
85.371,52.47
79.662,41.84
80.612,41.30
83.003,50.18
80.084,39.86
78.849,38.48
79.694,46.06
75.303,36.81
83.058,49.83
85.428,52.16
85.070,51.62
80.255,46.45
80.390,46.35
81.706,48.61
80.882,46.40
82.785,45.36
80.312,46.89
82.763,48.18
83.371,49.59
83.550,52.26
81.463,52.59
81.547,47.06
82.152,43.36
85.814,53.55
87.222,56.69
86.817,55.23
87.685,56.99
85.960,53.16
86.820,54.19
85.891,52.16
85.094,51.02
85.507,53.06
85.686,53.54
86.397,54.59
86.717,54.29
86.307,53.94
88.303,58.46
86.102,54.26
86.541,55.13
87.035,55.59
87.754,56.95
84.635,49.94
83.451,49.37
85.962,53.74
86.560,54.69
83.665,48.06
79.683,42.92
85.434,51.41
85.252,50.97
84.955,50.54
82.975,45.17
84.909,50.45
85.638,52.16
86.340,53.71
84.728,50.82
86.381,54.36
86.115,52.58
86.335,53.40
86.122,53.63
86.046,53.14
85.617,52.45
85.439,51.61
85.172,50.76
85.423,51.80
81.648,43.20
85.303,51.08
84.310,49.09
83.508,47.13
87.424,55.91
86.144,53.57
87.250,55.97
86.112,53.13
85.084,55.69
84.258,50.09
86.026,52.64
86.606,54.61
81.985,43.98
82.944,46.91
85.217,50.61
85.310,50.69
85.326,51.32
85.981,53.02
85.594,51.51
83.028,48.99
86.262,53.48
85.667,53.02
86.286,53.09
82.960,49.82
85.747,52.48
82.619,50.44
85.866,52.07
84.507,48.46
85.181,52.01
86.336,53.85
86.027,54.48
88.005,57.20
85.617,53.96
85.114,57.14
86.708,55.42
86.639,55.51
86.431,55.18
84.927,51.58
86.360,56.00
87.086,56.02
88.200,59.20
87.725,56.33
84.552,54.17
86.148,55.15
76.961,39.39
84.062,50.10
86.546,53.79
86.336,53.28
85.402,52.53
87.596,56.90
86.081,53.22
85.049,50.63
84.910,49.42
83.135,47.00
85.552,50.95
85.507,52.38
86.846,53.90
84.975,51.60
85.335,50.90
86.828,54.11
86.196,54.22
85.761,51.32
86.719,53.94
85.220,51.02
85.567,56.86
84.332,49.92
84.713,49.71
81.717,42.89
77.554,32.40
83.041,45.78
86.216,53.20
87.968,57.27
87.305,55.95
86.468,53.99
84.075,48.54
86.328,54.45
85.028,54.13
86.302,54.05
85.724,52.16
84.721,50.45
86.458,53.95
85.629,53.59
83.046,48.12
81.527,43.28
85.348,51.30
84.682,49.95
85.690,51.54
85.908,53.09
85.351,50.88
84.855,53.57
82.967,48.32
81.413,46.44
87.412,56.12
88.297,58.77
86.572,54.78
87.347,56.92
88.468,58.47
86.366,53.63
83.998,51.96
83.052,47.84
84.843,50.44
78.685,34.97
82.108,45.24
87.974,57.41
87.022,55.03
88.038,57.33
84.864,54.13
85.403,52.97
85.856,54.14
86.596,54.60
87.746,56.33
87.592,56.58
86.467,55.89
87.516,56.07
85.155,51.89
85.173,53.15
84.572,49.73
85.014,50.41
84.207,49.83
85.938,52.21
86.977,56.37
83.415,48.48
84.279,50.88
85.844,52.45
87.293,55.38
85.983,52.54
85.629,53.59
84.771,51.45
84.512,50.39
85.118,51.85
81.225,44.35
86.617,54.81
82.687,45.23
85.746,52.97
84.430,49.93
85.522,52.69
83.988,48.66
84.983,51.09
85.367,52.81
86.117,52.83
83.726,49.28
87.319,57.16
87.307,55.95
86.880,55.41
83.756,48.48
86.915,55.72
86.675,54.73
86.014,52.95
85.834,52.71
87.557,56.66
87.416,56.27
85.666,51.47
83.936,52.33
84.805,51.55
85.377,51.98
86.793,55.39
86.968,55.34
85.885,52.95
85.143,52.36
81.657,42.82
81.908,44.64
82.728,47.32
84.421,50.90
85.672,52.83
87.008,54.55
83.113,47.34
85.445,53.50
85.783,51.70
87.278,55.84
83.823,51.93
85.065,50.41
78.469,34.69
85.429,52.25
84.083,48.55
83.932,47.84
81.687,42.39
84.559,50.37
82.206,45.73
81.511,43.06
79.279,36.23
78.691,42.94
83.310,47.53
82.362,43.91
85.581,52.24
85.444,51.26
85.294,51.47
85.370,51.17
81.591,41.78
81.439,41.75
80.202,40.00
81.505,40.96
82.668,45.08
83.732,46.90
83.730,47.24
82.663,45.91
78.349,38.77
81.526,47.33
85.357,51.68
87.023,55.29
85.341,50.82
83.338,47.21
85.951,53.26
87.396,55.53
88.068,58.09
87.685,57.09
86.403,53.77
83.649,50.76
85.168,51.14
86.510,54.02
84.652,53.21
86.162,53.19
84.583,49.38
84.661,48.95
83.411,49.72
82.814,48.12
85.544,51.78
82.609,46.22
86.168,53.04
80.909,43.86
85.402,51.65
82.973,51.60
86.835,54.32
86.920,55.36
84.407,49.74
84.790,50.21
82.943,50.39
84.820,49.54
82.951,47.25
85.426,52.00
82.203,47.15
87.043,55.81
88.071,58.01
87.110,56.05
86.705,55.16
86.167,53.49
86.567,54.92
85.234,51.52
86.270,53.96
87.501,56.28
85.684,51.95
87.110,56.00
84.442,50.52
85.084,52.89
84.874,52.58
84.813,50.46
86.518,54.56
86.063,53.18
87.122,57.49
86.738,55.76
87.318,56.53
87.252,55.73
88.628,59.05
87.005,55.26
88.456,58.84
88.096,58.54
87.869,57.19
84.480,53.47
86.442,57.44
88.062,58.11
87.614,57.65
86.541,55.13
84.506,51.25
83.757,50.89
86.866,54.30
84.841,50.37
86.904,54.49
86.835,55.08
83.516,48.26
87.378,55.66
85.690,51.68
86.895,54.17
82.303,47.06
86.110,53.19
81.328,48.26
86.106,54.08
87.099,54.96
86.280,54.05
85.431,52.38
86.946,55.36
85.402,51.88
84.186,49.91
83.836,49.68
87.028,56.63
87.188,55.18
86.245,53.80
87.323,55.83
85.780,53.46
86.723,54.28
86.894,54.60
86.492,55.68
87.077,56.26
84.562,51.93
86.195,52.76
84.774,50.41
86.193,53.48
86.563,53.96
84.664,52.78
85.786,53.15
85.894,52.48
85.599,53.11
86.053,53.18
85.980,53.99
84.607,48.86
85.414,51.10
83.656,46.48
81.049,48.85
82.900,47.09
83.694,48.89
86.687,54.18
86.770,54.46
86.358,53.54
81.706,48.61
85.652,51.73
86.132,53.18
84.148,49.60
86.784,54.67
86.097,53.17
86.594,54.54
85.898,52.64
84.976,52.78
83.484,47.25
83.980,48.54
84.263,49.84
85.117,50.00
87.723,56.38
86.545,53.12
85.717,52.72
83.238,46.85
87.365,56.07
82.144,50.25
84.367,52.38
88.192,57.70
84.886,51.94
83.317,50.00
83.285,49.10
86.177,53.25
85.403,53.37
86.485,54.88
86.345,54.35
84.826,50.53
85.369,51.21
87.433,56.40
84.665,50.06
86.319,53.45
85.166,52.60
85.532,55.45
86.965,55.84
86.526,54.11
83.853,50.12
87.045,55.90
87.248,56.16
87.313,55.75
82.964,45.73
87.193,54.88
85.109,50.67
86.071,52.95
85.918,52.64
83.832,51.03
86.630,54.23
86.062,53.92
85.994,52.64
88.053,56.89
85.243,50.67
85.444,53.37
85.692,53.30
85.353,51.83
80.379,44.06
84.220,51.44
87.222,56.69
86.021,53.77
85.605,52.32
84.680,50.66
85.402,51.69
86.574,53.78
86.300,55.62
85.016,50.78
85.146,51.96
83.730,48.78
86.209,52.99
85.819,53.25
86.845,54.76
84.495,49.66
84.601,50.85
83.108,48.70
85.551,52.75
87.317,56.26
83.598,49.52
85.461,52.50
87.049,54.64
84.418,48.82
85.405,56.04
84.391,48.81
85.727,51.44
86.270,54.37
85.694,52.40
84.985,51.22
81.868,46.20
67.067,39.58
84.412,49.01
85.529,51.78
85.593,52.01
81.903,46.01
82.322,45.66
84.265,48.57
84.554,51.35
82.753,48.28
85.802,53.12
83.760,49.00
83.265,51.41
86.620,54.19
85.307,51.67
85.451,51.45
84.333,50.17
84.562,49.83
85.808,51.99
83.187,49.42
83.433,50.86
83.171,48.22
84.300,50.72
80.137,43.78
79.506,38.41
80.679,41.01
78.897,35.69
83.507,51.48
85.028,54.13
86.302,54.05
86.995,58.62
84.435,51.97
85.052,56.28
82.196,46.96
83.983,54.17
87.203,55.29
81.242,44.85
78.982,36.56
84.647,50.80
82.355,45.05
82.756,46.24
79.907,39.51
83.151,46.69
80.128,42.57
79.136,36.03
76.738,32.85
77.183,34.09
77.399,31.50
77.211,31.28
78.279,34.00
79.069,42.51
81.720,42.96
85.016,49.42
78.583,34.59
80.007,38.18
79.849,38.10
86.009,53.17
87.986,57.60
87.948,57.35
88.346,58.47
85.460,51.32
85.773,53.39
83.080,48.00
81.542,50.94
84.380,53.00
82.480,46.05
82.974,48.15
83.627,49.33
82.196,46.96
84.721,53.33
86.445,53.78
84.502,51.62
83.989,53.25
86.301,56.20
85.917,52.03
84.099,48.54
84.242,48.55
88.173,58.31
85.856,52.77
86.889,55.02
85.596,52.71
85.465,55.06
83.781,49.15
86.205,53.37
87.506,56.21
84.728,51.55
85.664,51.70
83.683,49.65
85.620,53.44
81.551,49.46
86.616,53.59
84.748,51.70
86.347,53.86
86.597,56.22
86.675,54.49
85.900,55.65
85.481,52.31
85.575,55.00
83.786,48.19
87.630,57.14
87.999,57.43
86.247,53.40
86.576,54.32
88.221,57.61
85.209,52.65
85.786,52.56
87.580,56.45
85.861,52.28
85.751,54.35
84.905,52.80
87.404,57.03
86.686,56.17
87.643,56.43
87.953,58.01
88.273,57.91
87.044,56.70
83.939,50.00
84.587,52.71
86.764,55.21
85.105,55.31
87.283,56.06
87.875,57.67
85.973,52.19
83.725,50.56
87.793,56.48
81.221,42.31
84.541,54.85
88.057,57.63
87.163,57.07
84.449,51.72
85.443,51.76
85.923,52.72
85.991,54.07
86.451,54.72
85.499,51.81
85.446,53.54
86.613,55.27
84.025,51.92
82.304,47.53
85.233,52.31
86.621,54.13
86.168,53.69
84.315,48.94
82.686,48.98
85.513,52.06
86.662,55.61
86.610,55.15
85.227,51.14
84.639,51.21
85.165,50.48
85.287,50.33
78.710,44.44
84.900,51.02
87.507,56.10
87.736,56.61
82.996,48.63
86.803,54.72
84.934,55.17
82.947,46.88
86.953,55.90
85.316,50.93
82.924,46.06
84.744,49.69
84.708,49.43
85.006,51.49
82.730,45.93
83.296,46.30
83.878,48.09
85.180,50.73
85.789,51.95
85.117,51.39
82.293,47.32
82.113,48.59
86.611,53.69
85.448,51.38
85.059,49.76
86.318,53.47
85.734,52.03
84.902,52.44
86.083,53.77
84.224,52.12
83.263,47.80
84.291,49.23
85.371,51.14
85.767,52.17
86.675,54.31
85.620,52.48
86.293,53.61
84.169,49.54
83.813,47.38
86.936,54.67
85.372,51.09
83.368,48.94
83.638,47.95
85.811,52.50
85.456,54.29
84.263,49.02
81.181,46.93
87.322,56.05
85.911,54.95
86.367,54.40
85.905,52.73
86.333,53.59
86.094,52.93
87.129,55.12
87.055,54.50
85.486,50.78
86.788,53.87
84.962,54.01
85.152,53.43
84.857,51.60
85.403,53.50
84.835,50.69
85.893,53.08
86.678,53.85
83.859,49.34
77.601,42.18
85.907,53.62
84.857,50.98
79.603,43.38
86.465,54.18
87.135,55.61
85.980,52.18
85.898,52.81
86.018,52.81
86.037,53.31
84.692,50.65
85.430,51.23
85.429,52.23
84.520,49.82
86.216,53.38
82.551,44.39
79.120,37.28
80.365,39.75
76.477,31.67
77.078,33.57
76.611,31.91
77.028,32.93
78.583,34.57
75.297,32.88
78.796,36.49
76.625,32.41
74.881,30.65
77.830,34.36
78.931,36.46
78.756,38.74
78.146,39.17
77.481,32.93
77.301,33.53
77.855,33.07
79.351,42.19
79.973,40.40
78.023,38.31
78.046,34.53
78.838,35.66
79.325,38.07
76.558,35.47
78.704,37.25
82.642,44.55
79.890,37.36
79.230,36.39
80.408,38.79
79.799,38.53
75.956,36.11
80.446,39.47
81.150,42.55
85.049,51.32
86.319,52.96
86.008,53.36
84.848,52.08
83.304,45.81
84.694,49.66
86.292,53.55
85.553,51.73
86.215,53.17
84.391,49.30
85.993,52.46
84.604,50.19
81.437,43.18
86.036,52.08
85.956,52.60
86.322,54.36
86.372,52.94
84.465,48.89
84.436,48.90
86.075,52.85
86.202,52.81
84.552,49.07
73.860,34.92
84.357,50.46
85.928,52.37
86.242,53.55
87.872,56.98
83.730,48.24
85.859,52.95
85.049,52.30
85.353,53.92
82.334,48.69
86.446,54.23
85.371,52.42
81.397,45.51
85.215,50.70
87.519,55.74
84.615,52.31
86.637,54.52
86.901,55.03
88.740,59.54
86.221,53.24
84.553,50.78
82.112,46.97
84.927,51.58
86.000,52.80
85.185,51.97
86.388,54.25
87.025,54.73
86.245,53.71
84.228,49.24
86.233,53.14
85.457,52.36
84.597,50.63
84.545,49.83
85.193,51.02
85.842,52.49
85.422,51.67
85.925,55.09
87.173,57.17
86.937,56.07
86.279,54.57
85.735,53.24
85.775,53.22
83.433,48.43
87.205,56.11
85.289,51.02
84.899,49.96
80.832,42.57
87.510,55.97
85.186,51.65
86.782,55.16
83.974,48.77
86.790,54.22
76.559,40.91
81.516,48.15
79.956,43.25
86.147,53.25
86.165,53.05
85.358,53.51
86.416,54.80
85.710,53.01
85.985,53.16
84.725,50.94
84.912,52.76
86.823,55.15
84.937,51.21
84.824,51.50
82.728,49.14
86.679,55.89
86.123,53.21
82.371,44.25
85.911,52.82
85.544,52.64
82.897,48.93
85.658,52.92
86.998,55.46
81.766,47.10
85.306,51.30
84.814,49.88
85.890,51.97
85.084,51.55
83.863,47.55
83.823,48.59
86.288,56.90
79.990,39.89
77.362,31.39
78.547,34.95
77.870,34.07
86.302,54.05
85.028,54.13
86.995,58.62
88.438,58.48
84.470,52.42
87.051,55.20
86.051,52.47
86.348,54.21
83.924,53.01
85.944,56.14
85.906,54.60
86.066,54.95
86.423,53.46
86.618,54.37
86.565,54.51
86.647,54.51
81.206,45.49
85.332,51.69
85.598,52.07
82.753,46.87
86.375,54.24
83.815,50.00
85.848,53.33
85.522,51.68
84.812,51.06
84.759,50.16
86.757,54.73
84.931,50.85
82.148,48.45
86.943,54.50
87.548,56.40
84.319,49.59
87.016,54.67
85.949,52.36
85.148,52.80
84.465,51.91
85.123,51.82
85.993,52.67
84.452,50.52
83.322,50.16
85.471,52.03
84.731,50.11
84.908,50.39
86.297,53.86
84.162,49.01
84.319,48.13
86.657,53.94
85.860,53.95
87.061,56.04
83.174,48.46
84.394,50.16
85.636,51.69
86.897,56.10
85.013,50.47
85.980,53.43
85.799,53.10
78.935,43.86
85.434,52.60
83.013,49.67
79.084,42.79
81.136,42.28
85.290,50.72
87.274,55.72
87.637,56.04
86.991,55.15
85.402,52.66
87.453,56.34
85.626,52.55
83.849,50.68
85.834,53.72
84.523,49.62
86.368,54.17
85.775,53.63
87.151,55.40
87.726,57.30
83.034,51.85
85.929,52.23
86.236,52.93
85.160,52.66
87.224,56.60
85.567,53.04
87.180,55.42
86.886,54.73
83.804,51.05
85.297,51.42
86.925,54.25
81.896,45.11
84.643,49.30
85.555,51.91
86.978,54.55
88.061,57.31
82.946,47.96
78.246,37.78
86.555,54.27
84.467,50.99
85.106,51.66
85.609,52.18
86.484,54.35
86.883,54.94
84.177,50.00
86.600,54.03
86.562,54.00
86.695,54.43
84.927,50.97
84.598,50.53
85.351,54.17
82.960,48.51
85.070,54.58
84.898,52.84
85.883,56.67
83.790,49.48
84.945,50.56
84.228,51.64
81.270,44.54
86.819,55.30
85.782,53.28
82.427,52.73
87.684,56.83
84.986,50.23
86.362,53.55
84.405,51.79
86.401,53.16
84.079,48.14
84.770,49.70
83.269,46.46
81.428,42.07
75.897,31.59
78.152,35.37
76.998,30.89
86.349,53.75
85.724,52.64
85.615,52.66
85.155,50.64
86.275,53.18
82.415,47.62
81.788,44.73
85.680,52.72
87.001,55.19
84.495,51.27
86.900,55.77
85.308,51.65
85.215,53.33
87.986,57.76
87.425,56.36
85.592,52.38
81.707,44.44
82.599,45.98
82.001,44.15
84.081,47.44
85.028,54.13
86.302,54.05
86.449,54.47
86.729,54.05
85.559,54.55
84.570,50.76
86.079,54.51
87.843,57.54
86.595,55.50
84.297,50.48
86.004,55.18
84.999,54.46
86.094,54.96
84.856,51.81
87.727,57.33
87.034,55.86
87.252,56.15
85.961,52.69
87.169,55.19
83.919,48.25
86.677,53.89
83.811,52.22
85.879,52.91
84.741,52.49
86.582,53.50
86.159,52.96
83.231,48.34
85.996,52.68
82.227,43.35
83.558,50.45
86.550,54.04
85.257,51.59
86.550,53.65
84.524,50.48
82.546,48.64
83.426,48.64
86.130,52.93
85.995,52.86
85.847,52.80
82.784,50.00
82.579,48.40
85.844,52.78
83.201,50.54
86.198,53.25
82.900,50.00
84.499,53.40
85.306,52.36
84.103,49.82
86.659,55.17
86.490,54.69
85.548,52.04
85.609,52.18
85.041,52.03
82.805,46.53
83.823,49.10
86.164,54.13
86.102,52.86
80.921,44.79
84.695,51.63
85.498,52.16
82.402,48.72
84.690,50.87
85.290,51.99
85.496,52.75
85.313,50.49
86.923,55.48
88.187,57.16
87.106,55.32
84.289,48.86
82.934,47.53
88.187,58.68
87.690,57.97
86.803,54.53
85.379,51.79
86.049,53.66
85.101,50.48
86.185,55.22
85.787,53.52
84.465,51.91
84.066,50.58
85.529,51.77
85.609,54.64
85.806,52.19
85.881,52.72
85.664,52.40
83.314,48.41
82.222,48.48
79.999,42.86
86.120,52.59
86.261,53.87
80.885,47.06
85.820,52.80
86.861,54.70
86.727,53.67
85.889,52.31
85.920,54.04
84.481,51.12
87.203,55.89
86.521,54.31
85.295,50.59
86.873,55.28
84.620,51.59
86.236,53.26
84.731,55.14
86.573,53.99
86.541,54.65
85.635,52.28
81.954,47.14
83.595,47.46
77.778,40.56
82.001,44.19
85.738,52.25
84.206,54.50
84.542,49.51
85.106,50.68
85.568,51.90
83.727,48.09
83.630,48.65
82.307,48.84
84.200,49.08
85.188,52.36
84.119,49.91
82.246,45.78
85.183,50.93
82.710,46.67
85.726,52.53
84.813,49.84
84.984,50.18
81.713,45.01
79.790,43.84
83.912,50.23
82.737,47.97
85.137,53.65
85.629,52.22
84.610,50.72
84.405,51.79
84.256,51.82
78.755,47.86
84.770,49.70
85.403,53.79
81.650,50.00
83.979,49.80
84.999,53.67
84.981,52.06
83.735,50.13
84.266,52.61
84.074,49.81
81.760,46.35
84.026,51.08
81.708,47.45
83.593,54.17
84.406,51.58
84.847,51.00
83.311,49.85
82.613,49.10
85.876,53.16
82.428,48.18
85.504,52.97
84.849,51.27
85.471,55.45
83.082,47.86
80.590,41.72
79.731,44.62
86.128,53.16
85.381,50.73
83.836,49.68
84.967,53.33
83.483,51.04
83.981,51.11
85.828,55.30
83.361,47.30
83.939,48.46
83.535,52.97
86.513,55.50
81.736,49.25
86.899,54.58
86.777,56.34
87.318,55.54
86.443,54.15
82.411,50.23
85.755,52.76
84.290,51.36
84.172,49.61
86.224,52.80
86.576,54.22
85.657,53.55
85.470,52.90
81.870,51.19
84.687,51.13
85.592,51.86
86.956,54.44
85.781,55.96
86.570,54.89
86.908,54.88
77.965,41.67
86.918,54.93
86.564,54.45
86.615,54.95
85.038,51.37
85.809,52.64
85.672,52.83
84.949,51.33
84.226,49.10
86.548,54.08
86.456,54.09
83.376,47.49
86.690,54.51
84.594,52.10
85.124,53.06
86.048,54.63
87.568,57.36
87.456,55.66
84.526,50.80
86.376,53.15
85.035,51.57
85.047,53.23
85.868,53.01
84.949,49.86
86.336,53.30
87.734,56.91
86.456,54.86
83.856,49.69
87.934,56.89
81.900,48.68
87.069,54.78
84.541,54.85
83.723,47.78
87.050,56.16
86.751,55.70
85.225,52.43
86.304,53.45
87.112,54.96
85.974,52.09
86.848,54.14
82.466,48.75
82.577,46.50
88.549,59.28
85.201,50.86
86.965,54.85
86.482,54.81
86.339,54.27
84.652,53.21
86.885,54.71
82.547,45.77
83.502,47.03
83.907,47.45
85.493,50.90
86.959,54.95
85.860,52.39
86.865,54.41
86.394,53.18
86.534,54.26
84.402,50.34
85.006,50.31
87.205,55.63
84.044,49.81
86.451,54.22
85.491,52.59
85.066,50.77
84.900,52.15
77.557,32.68
86.892,54.58
84.195,50.79
86.973,56.05
88.196,58.36
86.153,53.78
87.041,55.86
86.273,53.38
84.634,50.33
87.154,56.58
86.443,54.69
87.599,56.65
87.038,55.77
86.343,53.78
86.205,56.25
82.180,45.27
82.642,49.44
86.571,54.35
86.265,54.04
86.176,53.45
86.812,55.90
86.387,53.51
85.815,53.77
80.774,44.81
83.753,50.56
86.906,56.30
88.496,58.30
83.489,52.03
84.817,51.05
84.925,51.79
87.302,55.96
85.343,51.43
81.987,46.03
83.078,45.89
86.083,53.94
84.928,50.85
83.737,52.33
82.396,49.21
86.495,55.50
87.192,55.58
85.462,54.80
88.090,57.54
85.500,54.14
86.248,54.79
88.459,58.17
87.295,57.44
89.063,60.34
87.696,59.14
87.166,56.56
86.918,55.04
86.971,56.63
86.442,53.59
88.135,58.41
88.917,60.55
88.618,60.00
87.180,56.38
86.067,55.72
81.121,41.77
83.803,49.58
80.389,43.62
84.979,50.18
86.732,54.34
82.293,48.52
84.402,49.48
81.019,43.89
79.983,42.75
86.349,53.78
87.806,56.47
88.569,59.27
79.717,37.15
78.555,34.33
83.688,47.39
87.003,55.28
86.453,53.67
82.415,47.62
83.236,48.51
85.499,51.36
88.179,58.96
86.966,54.63
86.520,54.69
86.462,53.81
83.493,50.00
86.529,54.03
84.585,51.88
78.917,35.66
82.366,45.50
79.766,39.36
84.485,49.37
85.359,50.73
85.760,52.68
85.447,51.35
84.409,50.91
87.406,57.53
85.659,52.35
83.860,48.38
82.235,45.14
79.115,39.53
80.480,42.94
82.684,46.25
77.133,32.95
82.319,48.39
86.481,54.06
86.381,52.92
81.353,42.39
80.780,40.73
86.689,54.32
84.389,48.71
86.656,54.06
83.363,47.76
85.507,51.95
85.988,53.06
87.199,55.63
86.415,53.28
85.589,52.60
87.363,56.56
86.688,54.24
85.592,51.75
85.895,52.05
86.661,54.56
87.334,55.43
87.373,55.44
80.202,46.03
84.626,49.17
81.030,47.92
86.048,52.56
80.669,53.70
82.968,45.36
87.360,56.42
87.172,56.00
88.308,58.91
87.150,55.88
85.592,51.49
85.195,50.47
84.631,51.22
83.790,47.63
81.404,42.65
82.826,46.86
85.333,51.21
84.405,49.93
84.567,50.89
84.474,51.47
86.885,54.33
87.545,57.73
85.570,52.10
84.537,50.21
80.615,43.99
81.942,49.30
77.708,38.97
87.292,55.41
86.953,55.59
82.057,47.33
83.446,46.89
80.208,41.10
79.710,40.94
86.782,54.50
84.936,50.11
82.057,43.50
83.792,47.15
86.494,54.06
84.323,48.77
83.414,47.15
86.208,52.78
85.908,52.55
85.533,53.80
85.628,52.57
86.747,54.46
86.940,54.59
84.019,48.85
83.593,47.28
85.077,50.66
81.672,45.99
86.866,54.65
85.164,50.69
85.099,50.69
87.579,56.21
87.478,56.25
85.335,52.55
88.943,59.03
76.484,31.82
85.906,52.68
84.049,51.24
86.483,53.50
85.865,52.57
84.810,51.36
81.795,49.05
83.710,50.41
78.886,36.94
85.409,50.37
87.072,55.07
86.193,54.05
87.088,55.50
85.879,54.64
85.876,53.16
87.512,56.76
84.483,51.28
83.210,51.19
83.743,49.77
86.303,53.27
87.728,56.98
85.765,52.60
83.104,46.02
85.621,52.14
86.600,54.30
79.249,36.88
85.226,51.34
86.341,53.87
84.741,50.05
78.788,35.24
79.483,37.01
76.809,30.67
76.571,30.79
77.043,31.25
83.372,47.12
84.016,48.09
83.427,46.74
86.476,53.91
85.190,52.92
86.186,53.95
77.477,40.48
83.849,53.16
83.441,47.68
86.308,53.56
85.850,54.68
85.334,52.60
85.626,53.12
87.346,57.04
86.185,53.82
83.464,47.27
85.635,53.24
86.156,52.82
83.858,48.88
84.291,53.26
86.703,53.96
86.713,55.71
87.872,56.82
84.740,50.29
86.574,54.23
86.977,55.03
86.684,54.09
85.843,51.79
84.749,49.60
83.858,47.63
83.713,51.11
85.731,53.01
85.404,54.40
84.611,51.42
82.198,50.51
85.704,55.56
84.435,51.97
86.877,58.33
88.438,58.48
86.280,54.35
78.058,37.99
76.634,36.04
79.324,39.22
83.655,47.50
83.616,47.11
80.092,39.90
78.704,35.23
80.432,39.23
82.126,42.60
77.743,34.82
84.594,49.02
81.617,43.46
76.809,33.33
80.227,40.63
79.529,37.47
77.230,35.20
82.588,44.37
81.186,40.53
75.386,30.23
82.467,48.33
80.360,42.06
78.820,36.82
78.255,36.18
79.780,37.36
78.075,35.75
78.224,36.47
76.642,33.06
75.131,28.54
78.193,34.01
77.751,33.46
78.193,38.52
77.409,33.03
75.654,28.75
76.758,31.67
75.773,31.75
74.923,31.96
80.059,41.40
81.162,41.10
79.044,36.51
80.289,52.78
80.456,45.89
84.315,49.13
83.249,46.76
80.454,43.54
85.964,52.70
80.134,41.81
81.292,45.06
84.860,52.32
86.909,54.61
86.241,53.23
87.063,55.30
87.938,57.29
87.553,58.04
78.661,35.05
76.294,33.02
77.848,34.99
78.412,35.47
82.165,47.77
87.561,56.25
82.516,59.60
75.167,43.33
87.443,56.37
85.197,52.81
83.710,50.41
84.167,51.72
83.353,48.67
85.854,52.21
86.321,53.21
81.847,43.18
85.990,52.68
85.832,52.07
85.288,52.02
86.153,52.83
83.301,48.72
82.482,46.86
84.934,55.17
86.650,54.40
85.170,50.99
81.408,42.77
84.746,50.43
84.068,50.88
87.166,54.99
86.718,54.75
86.667,54.59
86.409,53.63
81.340,51.77
85.655,55.66
86.496,53.67
87.564,56.48
70.660,36.00
85.242,50.78
83.512,46.71
85.802,52.38
85.551,52.08
85.375,52.13
85.403,52.91
86.489,53.89
84.817,51.05
77.418,31.22
71.441,28.15
85.317,52.07
85.693,52.84
87.288,56.45
86.747,55.00
85.205,51.10
82.221,43.77
83.717,47.43
84.527,48.52
82.207,44.94
86.510,53.61
86.179,53.10
85.843,55.00
86.943,54.95
86.042,53.47
86.318,53.31
84.597,51.12
85.142,52.87
84.296,54.17
84.673,50.25
84.435,51.97
83.858,48.88
86.865,54.44
83.787,49.77
84.242,50.76
87.177,55.99
86.178,53.03
84.853,49.77
85.554,51.26
82.719,47.38
85.524,51.39
86.059,53.31
85.816,52.86
85.688,52.47
84.906,50.45
84.525,49.02
84.101,49.21
83.962,48.45
82.865,48.67
85.239,50.69
80.031,53.54
86.720,54.22
82.688,49.62
86.658,54.84
87.594,56.24
88.718,59.16
87.855,57.83
86.526,53.86
83.443,51.06
80.711,42.22
86.486,53.46
86.450,53.67
85.903,52.53
83.852,51.21
78.380,49.02
85.060,50.48
78.480,40.64
84.529,49.37
85.989,53.01
85.691,52.17
86.505,54.00
86.188,53.46
86.587,54.76
86.556,55.26
86.743,54.73
86.221,53.32
85.990,52.96
85.886,52.40
85.900,53.44
86.392,53.61
85.484,51.54
86.131,52.78
86.840,54.89
86.341,53.67
85.734,53.04
87.147,55.97
85.964,52.02
84.894,53.89
82.895,51.96
86.495,54.67
86.821,55.79
86.316,54.07
86.889,55.93
88.320,57.88
83.813,47.95
83.526,47.58
85.660,52.37
77.028,32.93
76.999,31.45
76.453,33.67
84.917,50.68
85.272,53.21
85.190,51.38
87.087,55.01
85.204,52.17
84.940,51.53
86.203,53.57
85.146,51.44
86.563,54.67
87.486,56.81
87.458,55.75
86.382,54.41
86.128,53.94
86.191,53.08
85.375,52.12
86.925,56.44
84.951,49.91
81.078,45.56
86.237,55.23
85.244,51.74
86.292,54.28
84.062,50.10
85.634,51.67
85.607,52.85
87.990,57.73
87.207,55.16
86.186,53.15
86.669,55.77
86.149,52.96
85.065,52.20
83.578,48.67
84.632,50.94
81.230,45.93
83.989,48.23
83.441,47.85
81.504,41.65
82.853,45.55
85.989,52.03
85.079,51.82
85.160,52.66
86.222,53.20
87.684,56.74
86.631,54.57
86.317,53.40
86.446,53.45
84.018,48.95
82.058,43.53
83.021,45.50
81.243,42.03
82.758,44.73
86.008,52.67
86.508,53.51
84.021,48.52
83.903,48.17
86.177,53.22
86.055,53.47
86.956,55.63
87.139,56.08
85.689,52.80
84.275,50.00
84.885,50.63
85.825,54.79
86.860,55.31
79.004,36.24
80.966,40.98
81.101,47.03
80.344,44.44
86.834,55.27
85.306,52.36
86.945,55.59
87.215,54.97
85.820,53.00
82.858,45.36
84.791,49.46
85.631,52.10
87.152,55.42
84.119,50.56
82.962,45.23
83.583,50.79
86.843,55.52
87.305,55.95
86.921,54.83
85.108,51.25
84.528,49.63
85.931,53.95
85.714,52.44
85.341,52.30
86.789,54.59
85.109,51.65
84.012,49.90
85.447,51.94
86.338,54.00
84.967,50.61
84.019,48.81
85.642,52.73
84.070,49.50
83.358,48.75
82.057,47.33
81.007,43.12
85.622,52.74
87.267,56.18
86.705,54.27
84.990,50.95
81.562,47.50
81.806,43.86
80.300,40.00
84.770,51.85
86.286,53.94
85.909,52.48
84.785,51.60
87.799,57.78
85.541,51.95
87.955,56.98
81.942,49.30
88.741,58.54
73.643,28.27
78.939,40.14
85.133,52.05
84.051,51.89
86.814,54.87
88.636,58.57
85.632,52.41
87.506,55.89
86.420,54.30
85.502,52.91
86.534,54.26
85.897,53.70
87.211,55.08
83.361,50.16
86.319,52.96
86.754,55.18
85.824,55.85
85.907,53.17
85.082,50.17
87.434,55.58
85.455,51.56
86.136,53.43
86.541,54.91
87.564,56.48
87.121,55.99
85.782,52.11
86.244,53.47
85.495,51.48
85.402,52.34
83.411,49.72
85.252,51.14
84.979,49.86
85.234,51.52
83.330,46.55
84.447,49.38
82.438,44.55
86.197,53.33
85.564,54.69
84.840,51.65
84.639,51.98
85.170,51.77
85.033,52.41
81.987,46.17
86.276,52.54
86.822,53.86
80.925,42.79
86.974,55.29
88.061,58.63
83.776,54.23
87.327,56.88
87.562,57.86
87.315,55.54
83.684,49.27
85.852,53.23
87.288,56.15
87.873,58.48
83.460,48.05
82.252,48.35
85.821,53.62
85.259,53.52
86.801,54.61
87.457,56.26
88.214,58.14
87.425,55.97
85.265,53.38
84.718,50.11
85.542,51.37
87.223,55.71
86.156,52.79
80.076,37.77
86.396,54.42
87.687,56.03
87.222,55.45
86.264,54.49
86.151,53.17
81.465,43.50
81.290,46.59
86.773,54.14
87.028,55.73
79.220,42.34
85.245,56.08
84.460,53.55
81.200,45.79
80.594,43.88
84.862,51.79
83.138,47.51
85.211,52.62
83.933,49.61
82.469,45.83
76.260,36.56
79.495,40.54
80.127,45.45
80.711,44.11
87.131,57.45
85.933,55.16
86.549,56.09
87.888,59.91
86.396,59.65
85.272,55.02
86.110,57.39
87.833,58.76
87.543,56.22
88.431,58.43
87.241,55.73
86.744,56.75
87.952,57.69
87.153,56.01
87.205,58.66
87.112,58.10
87.230,57.40
85.489,56.91
87.420,56.02
86.020,56.01
87.380,58.28
88.788,59.06
87.603,56.59
88.645,59.38
86.736,55.93
86.761,57.08
87.635,56.97
84.380,50.45
84.930,50.66
81.908,44.64
79.679,44.12
84.160,49.91
85.531,51.13
80.255,46.45
82.823,50.41
79.937,40.22
81.940,49.75
83.208,46.88
85.890,53.26
82.338,45.86
84.047,50.74
85.199,51.55
84.299,49.05
85.496,52.12
83.153,50.55
86.570,54.07
85.587,51.45
87.093,60.91
86.365,54.93
87.763,57.99
86.828,54.27
83.508,49.39
84.665,49.32
85.229,50.97
86.853,55.02
85.707,51.98
86.203,53.75
77.595,32.01
85.033,52.41
85.308,51.66
87.219,55.12
84.515,52.30
85.200,52.22
87.086,55.35
79.062,42.38
85.443,53.29
78.317,34.56
86.132,53.37
82.538,49.79
85.714,52.44
86.313,53.39
87.053,55.56
86.002,52.85
74.756,28.61
84.225,49.44
84.519,51.80
83.911,50.98
87.579,55.90
87.464,58.10
84.606,53.90
82.792,44.68
83.823,51.23
84.874,52.26
87.451,56.22
87.451,56.00
77.886,32.95
87.053,55.03
83.062,49.52
87.745,56.56
86.057,52.75
86.053,54.50
87.507,57.59
87.672,57.26
87.649,56.50
84.603,52.34
85.128,52.09
86.228,53.27
84.243,49.57
86.785,54.14
87.329,55.83
86.909,54.48
86.891,55.23
82.063,47.83
86.113,52.57
86.589,55.23
87.918,57.78
86.592,54.82
85.372,52.34
87.208,56.16
87.378,56.51
87.854,57.07
88.181,57.51
85.467,55.15
88.751,60.34
87.280,58.45
88.305,60.04
89.548,61.57
88.954,61.09
89.075,61.13
88.188,58.75
89.598,61.78
89.678,63.25
89.114,62.69
89.496,62.26
89.581,62.31
86.611,54.57
88.312,59.19
84.157,50.68
81.805,46.13
85.640,51.32
87.501,57.00
84.992,50.10
86.593,54.41
85.709,53.21
84.940,49.88
86.703,54.41
80.855,41.08
86.249,52.80
84.635,49.94
86.112,52.95
83.351,46.17
86.411,55.08
86.745,54.28
85.799,52.20
84.235,49.44
85.087,50.25
81.502,47.62
79.398,41.39
76.846,34.68
75.394,35.06
84.091,47.89
85.612,51.65
84.150,47.72
84.725,49.59
81.698,42.04
85.794,53.82
86.741,54.24
83.590,50.44
85.889,52.46
84.574,49.13
82.996,47.59
85.564,51.71
82.686,48.98
86.397,53.43
85.925,55.93
82.598,45.06
85.999,53.06
84.246,50.09
81.995,54.76
79.832,47.62
84.696,53.46
85.672,53.75
84.986,50.44
85.233,54.17
83.281,48.99
85.960,53.61
87.531,56.11
85.590,52.15
83.925,47.53
87.553,55.75
86.332,53.97
86.375,53.94
85.666,53.66
86.246,53.51
87.995,57.40
84.649,51.73
86.949,55.01
87.675,56.44
86.091,53.42
82.751,48.87
86.393,53.71
87.272,55.87
86.095,53.33
81.577,48.99
86.474,53.89
83.334,48.83
87.155,54.95
86.998,56.15
78.927,38.31
84.757,50.79
83.135,46.97
80.985,43.36
84.055,49.30
86.053,53.01
86.952,54.80
83.400,51.09
82.733,48.48
85.703,52.93
84.724,50.53
85.748,52.39
86.149,53.00
83.596,50.98
85.403,53.55
87.229,56.99
87.704,57.54
86.834,55.90
81.320,46.01
84.834,52.78
83.973,51.75
83.518,52.63
83.718,49.56
81.692,43.91
82.129,45.83
85.508,51.70
86.493,55.24
86.591,55.56
85.778,52.09
85.650,53.09
86.993,55.59
86.164,53.77
86.372,56.69
84.947,49.74
86.841,55.74
79.114,36.42
85.255,52.61
79.267,43.00
85.050,50.37
85.916,53.83
86.406,53.40
87.206,54.84
84.026,51.46
82.884,50.40
85.535,55.56
84.631,51.22
84.887,50.47
87.256,55.62
87.926,57.77
85.463,51.81
84.991,50.65
87.087,55.31
85.366,52.90
86.734,54.47
83.285,49.10
84.257,50.75
86.532,53.53
86.305,53.20
86.944,54.92
86.202,53.69
86.237,52.65
84.662,52.45
83.584,49.13
86.124,53.53
80.552,50.37
82.557,47.22
86.120,54.06
84.195,49.83
83.684,49.45
77.469,31.58
85.483,51.84
83.732,49.88
84.061,50.00
79.681,37.43
87.274,55.15
85.634,54.28
87.069,55.16
86.779,54.86
86.461,54.11
86.410,53.56
86.788,55.00
83.582,46.41
85.028,54.13
86.302,54.05
79.276,39.42
83.435,50.15
83.520,48.93
85.151,52.28
80.607,39.56
82.250,44.44
84.331,50.98
84.238,49.15
84.560,49.88
79.301,40.45
80.072,38.50
79.466,37.85
80.118,38.11
80.904,39.52
84.829,48.87
85.257,50.23
86.065,51.96
86.496,52.93
85.091,50.02
85.656,57.32
83.897,48.01
82.475,44.35
81.571,42.96
81.459,43.12
82.930,46.73
84.880,51.73
84.292,50.60
82.211,44.49
84.468,48.35
83.859,49.34
85.118,52.58
84.630,49.94
86.240,53.27
86.612,54.35
88.095,57.70
85.939,53.58
80.369,39.71
83.004,48.35
87.324,56.10
85.359,53.46
85.492,52.63
83.167,47.94
84.958,49.25
86.549,54.20
82.338,44.48
79.115,35.42
84.638,54.31
86.977,55.99
86.202,53.39
85.772,52.20
86.698,54.50
83.936,48.53
87.084,55.27
82.427,52.73
82.032,43.65
82.284,43.81
85.584,55.26
81.616,41.71
85.136,50.48
84.895,49.45
77.061,35.44
77.949,33.04
86.430,54.23
82.292,50.49
87.650,56.25
79.438,38.49
86.657,54.05
85.687,51.91
83.475,47.10
85.482,51.81
85.785,51.66
84.161,50.30
84.874,50.95
86.807,56.48
84.668,51.69
85.242,51.75
82.324,44.77
82.530,45.43
85.662,52.72
82.292,49.37
87.050,55.62
86.939,57.73
84.761,52.13
85.856,53.54
86.600,53.96
84.557,50.66
81.993,51.85
86.451,54.10
86.763,55.43
87.086,56.02
86.479,54.74
87.137,55.48
86.657,54.41
85.544,52.64
79.427,41.67
87.828,56.90
87.433,56.66
88.040,57.63
85.268,51.01
80.894,48.81
87.085,55.10
86.998,54.75
84.853,54.21
86.362,55.56
86.889,56.17
85.897,53.10
83.457,48.73
86.561,55.22
86.725,54.39
84.734,49.59
84.830,50.91
84.328,49.78
83.949,51.54
75.073,29.13
78.548,34.87
82.999,44.75
81.494,42.35
85.506,51.19
86.449,53.65
87.528,56.54
84.367,51.26
85.550,53.33
86.759,58.05
86.257,54.83
86.219,53.68
87.478,57.01
85.323,53.02
85.574,52.72
81.579,44.78
81.388,45.03
85.776,52.92
77.861,34.96
80.790,39.31
79.911,37.39
79.436,36.60
72.582,27.18
76.198,33.33
79.904,43.72
87.671,57.76
86.758,58.49
85.800,52.66
83.230,49.70
81.124,47.76
85.204,52.17
92.265,69.15
82.599,50.68
83.328,50.33
87.383,56.88
86.276,53.98
85.028,54.13
83.645,47.13
83.060,45.99
83.808,47.07
86.582,54.71
89.224,64.71
87.290,57.02
84.022,54.05
86.880,56.58
89.096,61.13
89.266,62.30
85.811,56.44
86.082,55.56
88.085,60.77
85.584,57.58
87.824,57.12
87.765,58.69
88.056,60.09
87.394,58.50
82.515,50.00
88.582,58.60
86.723,57.01
88.173,58.92
79.994,47.17
85.868,51.98
81.560,44.44
83.981,51.11
83.907,50.36
77.702,31.40
84.354,53.48
84.793,51.79
87.817,58.10
82.354,44.48
86.937,56.68
86.562,60.56
83.584,49.13
76.329,35.71
82.865,48.67
80.261,43.92
87.719,57.58
84.974,54.74
82.360,48.55
76.890,37.20
85.844,54.62
86.117,53.60
82.890,44.30
82.702,49.45
81.612,44.52
85.105,50.77
84.151,47.91
83.514,47.05
